<?xml version="1.0" encoding="utf-8" ?><dwsync><file name="index.php" server="C:/xampp/htdocs/" local="134056628835596980" remote="134056628830000000" Dst="0" /><file name="sanpham_detail.php" server="C:/xampp/htdocs/" local="134056122172289786" remote="134056122170000000" Dst="0" /><file name="sanpham_searched.php" server="C:/xampp/htdocs/" local="134055718620000000" remote="134055718620000000" Dst="0" /><file name="sanpham_danhmuc.php" server="C:/xampp/htdocs/" local="134056526908388642" remote="134056526900000000" Dst="0" /><file name="sanpham_danhmuccon.php" server="C:/xampp/htdocs/" local="134056571388590098" remote="134056571380000000" Dst="0" /><file name="index.php" server="Macintosh HD/Applications/XAMPP/xamppfiles/htdocs/bidvn" local="3844034083" remote="3844034083" Dst="-1" /><file name="sanpham_detail.php" server="Macintosh HD/Applications/XAMPP/xamppfiles/htdocs/bidvn/" local="3845327090" remote="3845327090" Dst="-1" /><file name="sanpham_searched.php" server="Macintosh HD/Applications/XAMPP/xamppfiles/htdocs/bidvn/" local="3845741899" remote="3845741899" Dst="-1" /><file name="index.php" server="Macintosh HD/Applications/XAMPP/xamppfiles/htdocs/bidvn/" local="3845745154" remote="3845745154" Dst="-1" /><file name="sanpham_danhmuc.php" server="Macintosh HD/Applications/XAMPP/xamppfiles/htdocs/bidvn/" local="3844023890" remote="3844023890" Dst="-1" /><file name="sanpham_danhmuccon.php" server="Macintosh HD/Applications/XAMPP/xamppfiles/htdocs/bidvn/" local="3844028338" remote="3844028338" Dst="-1" /><file name="admin_index.php" server="Macintosh HD/Applications/XAMPP/xamppfiles/htdocs/bidvn/" local="3845710527" remote="3845710527" Dst="-1" /><file name="giohang.php" server="Macintosh HD/Applications/XAMPP/xamppfiles/htdocs/bidvn/" local="3845328156" remote="3845328156" Dst="-1" /><file name="Lưu trữ.zip" server="Macintosh HD/Applications/XAMPP/xamppfiles/htdocs/bidvn/" local="3845330137" remote="3845330137" Dst="-1" /><file name="admin.php" server="Macintosh HD/Applications/XAMPP/xamppfiles/htdocs/bidvn/" local="3845235485" remote="3845235485" Dst="-1" /><file name="giohangNew.php" server="Macintosh HD/Applications/XAMPP/xamppfiles/htdocs/bidvn/" local="3845236051" remote="3845236051" Dst="-1" /><file name="thanhtoan_index.php" server="Macintosh HD/Applications/XAMPP/xamppfiles/htdocs/bidvn/" local="3845327124" remote="3845327124" Dst="-1" /></dwsync>