<?xml version="1.0" encoding="utf-8" ?><dwsync><file name="ASUS ROG Zephyrus G14 1.jpg" server="C:/xampp/htdocs/" local="134055311867941572" remote="134055311860000000" Dst="0" /><file name="ASUS ROG Zephyrus G14 2.jpg" server="C:/xampp/htdocs/" local="134055312265717641" remote="134055312260000000" Dst="0" /><file name="ASUS ROG Zephyrus G14 3.jpg" server="C:/xampp/htdocs/" local="134055312366666725" remote="134055312360000000" Dst="0" /><file name="ASUS ROG Zephyrus G14 4.jpg" server="C:/xampp/htdocs/" local="134055312437523993" remote="134055312430000000" Dst="0" /><file name="ASUS ROG Zephyrus G14 5.jpg" server="C:/xampp/htdocs/" local="134055312542374516" remote="134055312540000000" Dst="0" /><file name="ASUS ROG Zephyrus G14 6.jpg" server="C:/xampp/htdocs/" local="134055312602632428" remote="134055312600000000" Dst="0" /><file name="ASUS ROG Zephyrus G14 4.jpg" server="Macintosh HD/Applications/XAMPP/xamppfiles/htdocs/bidvn/" local="3843902443" remote="3843902443" Dst="-1" /><file name="ASUS ROG Zephyrus G14 5.jpg" server="Macintosh HD/Applications/XAMPP/xamppfiles/htdocs/bidvn/" local="3843902454" remote="3843902454" Dst="-1" /><file name="ASUS ROG Zephyrus G14 6.jpg" server="Macintosh HD/Applications/XAMPP/xamppfiles/htdocs/bidvn/" local="3843902460" remote="3843902460" Dst="-1" /><file name="ASUS ROG Zephyrus G14 2.jpg" server="Macintosh HD/Applications/XAMPP/xamppfiles/htdocs/bidvn/" local="3843902426" remote="3843902426" Dst="-1" /><file name="ASUS ROG Zephyrus G14 3.jpg" server="Macintosh HD/Applications/XAMPP/xamppfiles/htdocs/bidvn/" local="3843902436" remote="3843902436" Dst="-1" /><file name="ASUS ROG Zephyrus G14 1.jpg" server="Macintosh HD/Applications/XAMPP/xamppfiles/htdocs/bidvn/" local="3843902386" remote="3843902386" Dst="-1" /></dwsync>