<?xml version="1.0" encoding="utf-8" ?><dwsync><file name="style.css" server="C:/xampp/htdocs/" local="134056612576210700" remote="134056612570000000" Dst="0" /><file name="product_detail.css" server="C:/xampp/htdocs/" local="134056198087306523" remote="134056198080000000" Dst="0" /><file name="style.css" server="Macintosh HD/Applications/XAMPP/xamppfiles/htdocs/bidvn" local="3844032457" remote="3844032457" Dst="-1" /><file name="product_detail.css" server="Macintosh HD/Applications/XAMPP/xamppfiles/htdocs/bidvn/" local="3845243948" remote="3845243948" Dst="-1" /><file name="style.css" server="Macintosh HD/Applications/XAMPP/xamppfiles/htdocs/bidvn/" local="3845241191" remote="3845241191" Dst="-1" /><file name="admin_style.css" server="Macintosh HD/Applications/XAMPP/xamppfiles/htdocs/bidvn/" local="3845711437" remote="3845711437" Dst="-1" /><file name="giohang.css" server="Macintosh HD/Applications/XAMPP/xamppfiles/htdocs/bidvn/" local="3845241222" remote="3845241222" Dst="-1" /><file name="thongkeND.css" server="Macintosh HD/Applications/XAMPP/xamppfiles/htdocs/bidvn/" local="3845714288" remote="3845714288" Dst="-1" /><file name="toast.css" server="Macintosh HD/Applications/XAMPP/xamppfiles/htdocs/bidvn/" local="3845329113" remote="3845329113" Dst="-1" /></dwsync>