<?xml version="1.0" encoding="utf-8" ?><dwsync><file name="sidebar.php" server="Macintosh HD/Applications/XAMPP/xamppfiles/htdocs/bidvn/" local="3845319167" remote="3845319167" Dst="-1" /><file name="ql_nguoidung.php" server="Macintosh HD/Applications/XAMPP/xamppfiles/htdocs/bidvn/" local="3845157001" remote="3845157001" Dst="-1" /><file name="nguoidung_insert.php" server="Macintosh HD/Applications/XAMPP/xamppfiles/htdocs/bidvn/" local="3845022443" remote="3845022443" Dst="-1" /><file name="nguoidung_update.php" server="Macintosh HD/Applications/XAMPP/xamppfiles/htdocs/bidvn/" local="3845022614" remote="3845022614" Dst="-1" /><file name="nguoidung_delete.php" server="Macintosh HD/Applications/XAMPP/xamppfiles/htdocs/bidvn/" local="3845022760" remote="3845022760" Dst="-1" /><file name="nguoidung_read.php" server="Macintosh HD/Applications/XAMPP/xamppfiles/htdocs/bidvn/" local="3845022112" remote="3845022112" Dst="-1" /><file name="ql_sanpham.php" server="Macintosh HD/Applications/XAMPP/xamppfiles/htdocs/bidvn/" local="3845157168" remote="3845157168" Dst="-1" /><file name="sanpham_read.php" server="Macintosh HD/Applications/XAMPP/xamppfiles/htdocs/bidvn/" local="3845024542" remote="3845024542" Dst="-1" /><file name="sanpham_insert.php" server="Macintosh HD/Applications/XAMPP/xamppfiles/htdocs/bidvn/" local="3845025839" remote="3845025839" Dst="-1" /><file name="sanpham_update.php" server="Macintosh HD/Applications/XAMPP/xamppfiles/htdocs/bidvn/" local="3845026391" remote="3845026391" Dst="-1" /><file name="sanpham_delete.php" server="Macintosh HD/Applications/XAMPP/xamppfiles/htdocs/bidvn/" local="3845026583" remote="3845026583" Dst="-1" /><file name="ql_danhmuc.php" server="Macintosh HD/Applications/XAMPP/xamppfiles/htdocs/bidvn/" local="3845157071" remote="3845157071" Dst="-1" /><file name="danhmuc_read.php" server="Macintosh HD/Applications/XAMPP/xamppfiles/htdocs/bidvn/" local="3845027137" remote="3845027137" Dst="-1" /><file name="danhmuc_insert.php" server="Macintosh HD/Applications/XAMPP/xamppfiles/htdocs/bidvn/" local="3845027408" remote="3845027408" Dst="-1" /><file name="danhmuc_update.php" server="Macintosh HD/Applications/XAMPP/xamppfiles/htdocs/bidvn/" local="3845027782" remote="3845027782" Dst="-1" /><file name="danhmuc_delete.php" server="Macintosh HD/Applications/XAMPP/xamppfiles/htdocs/bidvn/" local="3845138372" remote="3845138372" Dst="-1" /><file name="ql_danhmuccon.php" server="Macintosh HD/Applications/XAMPP/xamppfiles/htdocs/bidvn/" local="3845157064" remote="3845157064" Dst="-1" /><file name="danhmuccon_read.php" server="Macintosh HD/Applications/XAMPP/xamppfiles/htdocs/bidvn/" local="3845137106" remote="3845137106" Dst="-1" /><file name="danhmuccon_insert.php" server="Macintosh HD/Applications/XAMPP/xamppfiles/htdocs/bidvn/" local="3845138233" remote="3845138233" Dst="-1" /><file name="danhmuccon_update.php" server="Macintosh HD/Applications/XAMPP/xamppfiles/htdocs/bidvn/" local="3845138205" remote="3845138205" Dst="-1" /><file name="danhmuccon_delete.php" server="Macintosh HD/Applications/XAMPP/xamppfiles/htdocs/bidvn/" local="3845138306" remote="3845138306" Dst="-1" /><file name="ql_lichsu.php" server="Macintosh HD/Applications/XAMPP/xamppfiles/htdocs/bidvn/" local="3845157048" remote="3845157048" Dst="-1" /><file name="lichsu_read.php" server="Macintosh HD/Applications/XAMPP/xamppfiles/htdocs/bidvn/" local="3845139978" remote="3845139978" Dst="-1" /><file name="lichsu_update.php" server="Macintosh HD/Applications/XAMPP/xamppfiles/htdocs/bidvn/" local="3845140353" remote="3845140353" Dst="-1" /><file name="lichsu_insert.php" server="Macintosh HD/Applications/XAMPP/xamppfiles/htdocs/bidvn/" local="3845140203" remote="3845140203" Dst="-1" /><file name="lichsu_delete.php" server="Macintosh HD/Applications/XAMPP/xamppfiles/htdocs/bidvn/" local="3845140456" remote="3845140456" Dst="-1" /><file name="ql_hoadon.php" server="Macintosh HD/Applications/XAMPP/xamppfiles/htdocs/bidvn/" local="3845157056" remote="3845157056" Dst="-1" /><file name="tk_nguoidung.php" server="Macintosh HD/Applications/XAMPP/xamppfiles/htdocs/bidvn/" local="3845326258" remote="3845326258" Dst="-1" /><file name="tk_sanpham.php" server="Macintosh HD/Applications/XAMPP/xamppfiles/htdocs/bidvn/" local="3845713963" remote="3845713963" Dst="-1" /></dwsync>