<?xml version="1.0" encoding="utf-8" ?><dwsync><file name="MacBook Air M3 2024 1.jpg" server="C:/xampp/htdocs/" local="134055306906414456" remote="134055306900000000" Dst="0" /><file name="MacBook Air M3 2024 2.jpg" server="C:/xampp/htdocs/" local="134055306974455617" remote="134055306970000000" Dst="0" /><file name="MacBook Air M3 2024 3.jpg" server="C:/xampp/htdocs/" local="134055307042047881" remote="134055307040000000" Dst="0" /><file name="MacBook Air M3 2024 4.jpg" server="C:/xampp/htdocs/" local="134055307103438561" remote="134055307100000000" Dst="0" /><file name="MacBook Air M3 2024 5.jpg" server="C:/xampp/htdocs/" local="134055307178594753" remote="134055307170000000" Dst="0" /><file name="MacBook Air M3 2024 4.jpg" server="Macintosh HD/Applications/XAMPP/xamppfiles/htdocs/bidvn/" local="3843901910" remote="3843901910" Dst="-1" /><file name="MacBook Air M3 2024 5.jpg" server="Macintosh HD/Applications/XAMPP/xamppfiles/htdocs/bidvn/" local="3843901917" remote="3843901917" Dst="-1" /><file name="MacBook Air M3 2024 2.jpg" server="Macintosh HD/Applications/XAMPP/xamppfiles/htdocs/bidvn/" local="3843901897" remote="3843901897" Dst="-1" /><file name="MacBook Air M3 2024 3.jpg" server="Macintosh HD/Applications/XAMPP/xamppfiles/htdocs/bidvn/" local="3843901904" remote="3843901904" Dst="-1" /><file name="MacBook Air M3 2024 1.jpg" server="Macintosh HD/Applications/XAMPP/xamppfiles/htdocs/bidvn/" local="3843901890" remote="3843901890" Dst="-1" /></dwsync>