<?xml version="1.0" encoding="utf-8" ?><dwsync><file name="DM9.jpg" server="Macintosh HD/Applications/XAMPP/xamppfiles/htdocs/bidvn/" local="3843896317" remote="3843896317" Dst="-1" /><file name="DM8.jpg" server="Macintosh HD/Applications/XAMPP/xamppfiles/htdocs/bidvn/" local="3843896178" remote="3843896178" Dst="-1" /><file name="DM1.jpg" server="Macintosh HD/Applications/XAMPP/xamppfiles/htdocs/bidvn/" local="3843894830" remote="3843894830" Dst="-1" /><file name="DM3.jpg" server="Macintosh HD/Applications/XAMPP/xamppfiles/htdocs/bidvn/" local="3843895397" remote="3843895397" Dst="-1" /><file name="DM2.jpg" server="Macintosh HD/Applications/XAMPP/xamppfiles/htdocs/bidvn/" local="3843895118" remote="3843895118" Dst="-1" /><file name="DM6.jpg" server="Macintosh HD/Applications/XAMPP/xamppfiles/htdocs/bidvn/" local="3843895943" remote="3843895943" Dst="-1" /><file name="DM7.jpg" server="Macintosh HD/Applications/XAMPP/xamppfiles/htdocs/bidvn/" local="3843896106" remote="3843896106" Dst="-1" /><file name="DM5.jpg" server="Macintosh HD/Applications/XAMPP/xamppfiles/htdocs/bidvn/" local="3843895820" remote="3843895820" Dst="-1" /><file name="DM4.jpg" server="Macintosh HD/Applications/XAMPP/xamppfiles/htdocs/bidvn/" local="3843895560" remote="3843895560" Dst="-1" /><file name="DM11.jpg" server="Macintosh HD/Applications/XAMPP/xamppfiles/htdocs/bidvn/" local="3843896554" remote="3843896554" Dst="-1" /></dwsync>