<?xml version="1.0" encoding="utf-8" ?><dwsync><file name="Sony A7IV Body 1.jpg" server="C:/xampp/htdocs/" local="134055320390634131" remote="134055320390000000" Dst="0" /><file name="Sony A7IV Body 2.jpg" server="C:/xampp/htdocs/" local="134055320462361675" remote="134055320460000000" Dst="0" /><file name="Sony A7IV Body 3.jpg" server="C:/xampp/htdocs/" local="134055320518602340" remote="134055320510000000" Dst="0" /><file name="Sony A7IV Body 4.jpg" server="C:/xampp/htdocs/" local="134055320574718201" remote="134055320570000000" Dst="0" /><file name="Sony A7IV Body 5.jpg" server="C:/xampp/htdocs/" local="134055320624484207" remote="134055320620000000" Dst="0" /><file name="Sony A7IV Body 3.jpg" server="Macintosh HD/Applications/XAMPP/xamppfiles/htdocs/bidvn/" local="3843903251" remote="3843903251" Dst="-1" /><file name="Sony A7IV Body 2.jpg" server="Macintosh HD/Applications/XAMPP/xamppfiles/htdocs/bidvn/" local="3843903246" remote="3843903246" Dst="-1" /><file name="Sony A7IV Body 1.jpg" server="Macintosh HD/Applications/XAMPP/xamppfiles/htdocs/bidvn/" local="3843903239" remote="3843903239" Dst="-1" /><file name="Sony A7IV Body 5.jpg" server="Macintosh HD/Applications/XAMPP/xamppfiles/htdocs/bidvn/" local="3843903262" remote="3843903262" Dst="-1" /><file name="Sony A7IV Body 4.jpg" server="Macintosh HD/Applications/XAMPP/xamppfiles/htdocs/bidvn/" local="3843903257" remote="3843903257" Dst="-1" /></dwsync>