<?xml version="1.0" encoding="utf-8" ?><dwsync><file name="Omega Seamaster 300M 1.jpg" server="C:/xampp/htdocs/" local="134055314880232398" remote="134055314880000000" Dst="0" /><file name="Omega Seamaster 300M 2.jpg" server="C:/xampp/htdocs/" local="134055314958899794" remote="134055314950000000" Dst="0" /><file name="Omega Seamaster 300M 3.jpg" server="C:/xampp/htdocs/" local="134055315033293834" remote="134055315030000000" Dst="0" /><file name="Omega Seamaster 300M 4.jpg" server="C:/xampp/htdocs/" local="134055315078311444" remote="134055315070000000" Dst="0" /><file name="Omega Seamaster 300M 5.jpg" server="C:/xampp/htdocs/" local="134055315137090267" remote="134055315130000000" Dst="0" /><file name="Omega Seamaster 300M 5.jpg" server="Macintosh HD/Applications/XAMPP/xamppfiles/htdocs/bidvn/" local="3843902713" remote="3843902713" Dst="-1" /><file name="Omega Seamaster 300M 4.jpg" server="Macintosh HD/Applications/XAMPP/xamppfiles/htdocs/bidvn/" local="3843902707" remote="3843902707" Dst="-1" /><file name="Omega Seamaster 300M 3.jpg" server="Macintosh HD/Applications/XAMPP/xamppfiles/htdocs/bidvn/" local="3843902703" remote="3843902703" Dst="-1" /><file name="Omega Seamaster 300M 2.jpg" server="Macintosh HD/Applications/XAMPP/xamppfiles/htdocs/bidvn/" local="3843902695" remote="3843902695" Dst="-1" /><file name="Omega Seamaster 300M 1.jpg" server="Macintosh HD/Applications/XAMPP/xamppfiles/htdocs/bidvn/" local="3843902688" remote="3843902688" Dst="-1" /></dwsync>