<?xml version="1.0" encoding="utf-8" ?><dwsync><file name="header.php" server="C:/xampp/htdocs/" local="134056628793515339" remote="134056628790000000" Dst="0" /><file name="search_box.php" server="C:/xampp/htdocs/" local="134055701169273894" remote="134055701160000000" Dst="0" /><file name="index_slider.php" server="C:/xampp/htdocs/" local="134056590821804014" remote="134056590820000000" Dst="0" /><file name="index_danhmuc.php" server="C:/xampp/htdocs/" local="134055759417072564" remote="134055759410000000" Dst="0" /><file name="index_sanpham.php" server="C:/xampp/htdocs/" local="134056194060553444" remote="134056194060000000" Dst="0" /><file name="index_gioithieu.php" server="C:/xampp/htdocs/" local="134055709731978523" remote="134055709730000000" Dst="0" /><file name="footer.php" server="C:/xampp/htdocs/" local="134055715747110575" remote="134055715740000000" Dst="0" /><file name="products_danhmuc.php" server="C:/xampp/htdocs/" local="134056570657451246" remote="134056570650000000" Dst="0" /><file name="product_detail.php" server="C:/xampp/htdocs/" local="134056525787855421" remote="134056525780000000" Dst="0" /><file name="danhmuc_con.php" server="C:/xampp/htdocs/" local="134056581478332864" remote="134056581470000000" Dst="0" /><file name="products_danhmuccon.php" server="C:/xampp/htdocs/" local="134056573278761186" remote="134056573270000000" Dst="0" /><file name="dangnhap.php" server="C:/xampp/htdocs/" local="134056638948696285" remote="134056638940000000" Dst="0" /><file name="xulydangnhap.php" server="C:/xampp/htdocs/" local="134056640222128112" remote="134056640220000000" Dst="0" /><file name="header.php" server="Macintosh HD/Applications/XAMPP/xamppfiles/htdocs/bidvn" local="3844034079" remote="3844034079" Dst="-1" /><file name="search_box.php" server="Macintosh HD/Applications/XAMPP/xamppfiles/htdocs/bidvn" local="3843941316" remote="3843941316" Dst="-1" /><file name="index_slider.php" server="Macintosh HD/Applications/XAMPP/xamppfiles/htdocs/bidvn" local="3844030282" remote="3844030282" Dst="-1" /><file name="index_danhmuc.php" server="Macintosh HD/Applications/XAMPP/xamppfiles/htdocs/bidvn" local="3843947141" remote="3843947141" Dst="-1" /><file name="index_sanpham.php" server="Macintosh HD/Applications/XAMPP/xamppfiles/htdocs/bidvn" local="3843990606" remote="3843990606" Dst="-1" /><file name="index_gioithieu.php" server="Macintosh HD/Applications/XAMPP/xamppfiles/htdocs/bidvn" local="3843942173" remote="3843942173" Dst="-1" /><file name="dangnhap.php" server="Macintosh HD/Applications/XAMPP/xamppfiles/htdocs/bidvn" local="3844035094" remote="3844035094" Dst="-1" /><file name="footer.php" server="Macintosh HD/Applications/XAMPP/xamppfiles/htdocs/bidvn" local="3843942774" remote="3843942774" Dst="-1" /><file name="product_detail.php" server="Macintosh HD/Applications/XAMPP/xamppfiles/htdocs/bidvn/" local="3845327438" remote="3845327438" Dst="-1" /><file name="search_box.php" server="Macintosh HD/Applications/XAMPP/xamppfiles/htdocs/bidvn/" local="3845745142" remote="3845745142" Dst="-1" /><file name="index_slider.php" server="Macintosh HD/Applications/XAMPP/xamppfiles/htdocs/bidvn/" local="3844030282" remote="3844030282" Dst="-1" /><file name="danhmuc_con.php" server="Macintosh HD/Applications/XAMPP/xamppfiles/htdocs/bidvn/" local="3844552679" remote="3844552679" Dst="-1" /><file name="index_sanpham.php" server="Macintosh HD/Applications/XAMPP/xamppfiles/htdocs/bidvn/" local="3845274236" remote="3845274236" Dst="-1" /><file name="index_danhmuc.php" server="Macintosh HD/Applications/XAMPP/xamppfiles/htdocs/bidvn/" local="3844544926" remote="3844544926" Dst="-1" /><file name="products_danhmuccon.php" server="Macintosh HD/Applications/XAMPP/xamppfiles/htdocs/bidvn/" local="3844028527" remote="3844028527" Dst="-1" /><file name="index_gioithieu.php" server="Macintosh HD/Applications/XAMPP/xamppfiles/htdocs/bidvn/" local="3843942173" remote="3843942173" Dst="-1" /><file name="header.php" server="Macintosh HD/Applications/XAMPP/xamppfiles/htdocs/bidvn/" local="3845326768" remote="3845326768" Dst="-1" /><file name="footer.php" server="Macintosh HD/Applications/XAMPP/xamppfiles/htdocs/bidvn/" local="3843942774" remote="3843942774" Dst="-1" /><file name="xulydangnhap.php" server="Macintosh HD/Applications/XAMPP/xamppfiles/htdocs/bidvn/" local="3844214314" remote="3844214314" Dst="-1" /><file name="dangnhap.php" server="Macintosh HD/Applications/XAMPP/xamppfiles/htdocs/bidvn/" local="3845329270" remote="3845329270" Dst="-1" /><file name="products_danhmuc.php" server="Macintosh HD/Applications/XAMPP/xamppfiles/htdocs/bidvn/" local="3845150647" remote="3845150647" Dst="-1" /><file name="thanhtoan.php" server="Macintosh HD/Applications/XAMPP/xamppfiles/htdocs/bidvn/" local="3845330065" remote="3845330065" Dst="-1" /><file name="products_searched.php" server="Macintosh HD/Applications/XAMPP/xamppfiles/htdocs/bidvn/" local="3845741875" remote="3845741875" Dst="-1" /></dwsync>