<?xml version="1.0" encoding="utf-8" ?><dwsync><file name="Đồng hồ cổ treo tường 1.jpg" server="C:/xampp/htdocs/" local="134055325882992861" remote="134055325880000000" Dst="0" /><file name="Đồng hồ cổ treo tường 2.jpg" server="C:/xampp/htdocs/" local="134055325946885631" remote="134055325940000000" Dst="0" /><file name="Đồng hồ cổ treo tường 3.jpg" server="C:/xampp/htdocs/" local="134055326011827975" remote="134055326010000000" Dst="0" /><file name="Đồng hồ cổ treo tường 4.jpg" server="C:/xampp/htdocs/" local="134055326079577435" remote="134055326070000000" Dst="0" /><file name="Đồng hồ cổ treo tường 5.jpg" server="C:/xampp/htdocs/" local="134055326150546853" remote="134055326150000000" Dst="0" /><file name="Đồng hồ cổ treo tường 6.jpg" server="C:/xampp/htdocs/" local="134055326238752543" remote="134055326230000000" Dst="0" /><file name="Đồng hồ cổ treo tường 6.jpg" server="Macintosh HD/Applications/XAMPP/xamppfiles/htdocs/bidvn/" local="3843903823" remote="3843903823" Dst="-1" /><file name="Đồng hồ cổ treo tường 4.jpg" server="Macintosh HD/Applications/XAMPP/xamppfiles/htdocs/bidvn/" local="3843903807" remote="3843903807" Dst="-1" /><file name="Đồng hồ cổ treo tường 5.jpg" server="Macintosh HD/Applications/XAMPP/xamppfiles/htdocs/bidvn/" local="3843903815" remote="3843903815" Dst="-1" /><file name="Đồng hồ cổ treo tường 1.jpg" server="Macintosh HD/Applications/XAMPP/xamppfiles/htdocs/bidvn/" local="3843903788" remote="3843903788" Dst="-1" /><file name="Đồng hồ cổ treo tường 2.jpg" server="Macintosh HD/Applications/XAMPP/xamppfiles/htdocs/bidvn/" local="3843903794" remote="3843903794" Dst="-1" /><file name="Đồng hồ cổ treo tường 3.jpg" server="Macintosh HD/Applications/XAMPP/xamppfiles/htdocs/bidvn/" local="3843903801" remote="3843903801" Dst="-1" /></dwsync>