<?xml version="1.0" encoding="utf-8" ?><dwsync><file name="brand_xiaomi.png" server="C:/xampp/htdocs/" local="134056548221467158" remote="134056548220000000" Dst="0" /><file name="brand_apple.png" server="C:/xampp/htdocs/" local="134056537624266148" remote="134056537620000000" Dst="0" /><file name="brand_huawei.png" server="C:/xampp/htdocs/" local="134056541863548015" remote="134056541860000000" Dst="0" /><file name="brand_nokia.png" server="C:/xampp/htdocs/" local="134056540294168460" remote="134056540290000000" Dst="0" /><file name="brand_oneplus.png" server="C:/xampp/htdocs/" local="134056544992142176" remote="134056544990000000" Dst="0" /><file name="brand_oppo.png" server="C:/xampp/htdocs/" local="134056539417379234" remote="134056539410000000" Dst="0" /><file name="brand_realme.png" server="C:/xampp/htdocs/" local="134056541105000482" remote="134056541100000000" Dst="0" /><file name="brand_samsung.png" server="C:/xampp/htdocs/" local="134056539196673510" remote="134056539190000000" Dst="0" /><file name="brand_sony.png" server="C:/xampp/htdocs/" local="134056542396475085" remote="134056542390000000" Dst="0" /><file name="brand_vivo.png" server="C:/xampp/htdocs/" local="134056541385063603" remote="134056541380000000" Dst="0" /><file name="brand_samsung.png" server="Macintosh HD/Applications/XAMPP/xamppfiles/htdocs/bidvn/" local="3844025119" remote="3844025119" Dst="-1" /><file name="brand_realme.png" server="Macintosh HD/Applications/XAMPP/xamppfiles/htdocs/bidvn/" local="3844025310" remote="3844025310" Dst="-1" /><file name="brand_nokia.png" server="Macintosh HD/Applications/XAMPP/xamppfiles/htdocs/bidvn/" local="3844025229" remote="3844025229" Dst="-1" /><file name="brand_oneplus.png" server="Macintosh HD/Applications/XAMPP/xamppfiles/htdocs/bidvn/" local="3844025699" remote="3844025699" Dst="-1" /><file name="brand_xiaomi.png" server="Macintosh HD/Applications/XAMPP/xamppfiles/htdocs/bidvn/" local="3844026022" remote="3844026022" Dst="-1" /><file name="brand_huawei.png" server="Macintosh HD/Applications/XAMPP/xamppfiles/htdocs/bidvn/" local="3844025386" remote="3844025386" Dst="-1" /><file name="brand_vivo.png" server="Macintosh HD/Applications/XAMPP/xamppfiles/htdocs/bidvn/" local="3844025338" remote="3844025338" Dst="-1" /><file name="brand_sony.png" server="Macintosh HD/Applications/XAMPP/xamppfiles/htdocs/bidvn/" local="3844025439" remote="3844025439" Dst="-1" /><file name="brand_oppo.png" server="Macintosh HD/Applications/XAMPP/xamppfiles/htdocs/bidvn/" local="3844025141" remote="3844025141" Dst="-1" /><file name="brand_apple.png" server="Macintosh HD/Applications/XAMPP/xamppfiles/htdocs/bidvn/" local="3844024962" remote="3844024962" Dst="-1" /><file name="brand_dell.png" server="Macintosh HD/Applications/XAMPP/xamppfiles/htdocs/bidvn/" local="3844548131" remote="3844548131" Dst="-1" /><file name="brand_hp.png" server="Macintosh HD/Applications/XAMPP/xamppfiles/htdocs/bidvn/" local="3844548142" remote="3844548142" Dst="-1" /><file name="brand_asus.png" server="Macintosh HD/Applications/XAMPP/xamppfiles/htdocs/bidvn/" local="3844548296" remote="3844548296" Dst="-1" /><file name="brand_lenovo.png" server="Macintosh HD/Applications/XAMPP/xamppfiles/htdocs/bidvn/" local="3844548321" remote="3844548321" Dst="-1" /><file name="brand_acer.png" server="Macintosh HD/Applications/XAMPP/xamppfiles/htdocs/bidvn/" local="3844548338" remote="3844548338" Dst="-1" /><file name="brand_msi.png" server="Macintosh HD/Applications/XAMPP/xamppfiles/htdocs/bidvn/" local="3844548384" remote="3844548384" Dst="-1" /><file name="brand_microsoft.png" server="Macintosh HD/Applications/XAMPP/xamppfiles/htdocs/bidvn/" local="3844548407" remote="3844548407" Dst="-1" /><file name="brand_lg.png" server="Macintosh HD/Applications/XAMPP/xamppfiles/htdocs/bidvn/" local="3844548478" remote="3844548478" Dst="-1" /><file name="brand_gigabyte.png" server="Macintosh HD/Applications/XAMPP/xamppfiles/htdocs/bidvn/" local="3844548496" remote="3844548496" Dst="-1" /></dwsync>