<?xml version="1.0" encoding="utf-8" ?><dwsync><file name="Dell XPS 13 Plus 1.jpg" server="C:/xampp/htdocs/" local="134055308094935729" remote="134055308090000000" Dst="0" /><file name="Dell XPS 13 Plus 2.jpg" server="C:/xampp/htdocs/" local="134055308163293969" remote="134055308160000000" Dst="0" /><file name="Dell XPS 13 Plus 3.jpg" server="C:/xampp/htdocs/" local="134055308222531591" remote="134055308220000000" Dst="0" /><file name="Dell XPS 13 Plus 4.jpg" server="C:/xampp/htdocs/" local="134055308292738718" remote="134055308290000000" Dst="0" /><file name="Dell XPS 13 Plus 5.jpg" server="C:/xampp/htdocs/" local="134055308358111494" remote="134055308350000000" Dst="0" /><file name="Dell XPS 13 Plus 6.jpg" server="C:/xampp/htdocs/" local="134055308457569875" remote="134055308450000000" Dst="0" /><file name="Dell XPS 13 Plus 1.jpg" server="Macintosh HD/Applications/XAMPP/xamppfiles/htdocs/bidvn/" local="3843902009" remote="3843902009" Dst="-1" /><file name="Dell XPS 13 Plus 3.jpg" server="Macintosh HD/Applications/XAMPP/xamppfiles/htdocs/bidvn/" local="3843902022" remote="3843902022" Dst="-1" /><file name="Dell XPS 13 Plus 2.jpg" server="Macintosh HD/Applications/XAMPP/xamppfiles/htdocs/bidvn/" local="3843902016" remote="3843902016" Dst="-1" /><file name="Dell XPS 13 Plus 6.jpg" server="Macintosh HD/Applications/XAMPP/xamppfiles/htdocs/bidvn/" local="3843902045" remote="3843902045" Dst="-1" /><file name="Dell XPS 13 Plus 5.jpg" server="Macintosh HD/Applications/XAMPP/xamppfiles/htdocs/bidvn/" local="3843902035" remote="3843902035" Dst="-1" /><file name="Dell XPS 13 Plus 4.jpg" server="Macintosh HD/Applications/XAMPP/xamppfiles/htdocs/bidvn/" local="3843902029" remote="3843902029" Dst="-1" /></dwsync>