<?xml version="1.0" encoding="utf-8" ?><dwsync><file name="slider 1.jpeg" server="C:/xampp/htdocs/" local="134055336702607620" remote="134055336700000000" Dst="0" /><file name="slider 2.jpeg" server="C:/xampp/htdocs/" local="134055336810463645" remote="134055336810000000" Dst="0" /><file name="slider 3.jpeg" server="C:/xampp/htdocs/" local="134055343343986789" remote="134055343340000000" Dst="0" /><file name="slider 4.jpeg" server="C:/xampp/htdocs/" local="134055343796128085" remote="134055343790000000" Dst="0" /><file name="slider 5.jpeg" server="C:/xampp/htdocs/" local="134055343870969706" remote="134055343870000000" Dst="0" /><file name="slider 1.jpeg" server="Macintosh HD/Applications/XAMPP/xamppfiles/htdocs/bidvn/" local="3843904870" remote="3843904870" Dst="-1" /><file name="slider 4.jpeg" server="Macintosh HD/Applications/XAMPP/xamppfiles/htdocs/bidvn/" local="3843905579" remote="3843905579" Dst="-1" /><file name="slider 5.jpeg" server="Macintosh HD/Applications/XAMPP/xamppfiles/htdocs/bidvn/" local="3843905587" remote="3843905587" Dst="-1" /><file name="slider 2.jpeg" server="Macintosh HD/Applications/XAMPP/xamppfiles/htdocs/bidvn/" local="3843904881" remote="3843904881" Dst="-1" /><file name="slider 3.jpeg" server="Macintosh HD/Applications/XAMPP/xamppfiles/htdocs/bidvn/" local="3843905534" remote="3843905534" Dst="-1" /></dwsync>