<?xml version="1.0" encoding="utf-8" ?><dwsync><file name="Samsung Galaxy S24 Ultra 1.jpg" server="C:/xampp/htdocs/" local="134055295570998652" remote="134055295570000000" Dst="0" /><file name="Samsung Galaxy S24 Ultra 2.jpg" server="C:/xampp/htdocs/" local="134055305343021164" remote="134055305340000000" Dst="0" /><file name="Samsung Galaxy S24 Ultra 3.jpg" server="C:/xampp/htdocs/" local="134055305414996054" remote="134055305410000000" Dst="0" /><file name="Samsung Galaxy S24 Ultra 4.jpg" server="C:/xampp/htdocs/" local="134055305488761717" remote="134055305480000000" Dst="0" /><file name="Samsung Galaxy S24 Ultra 5.jpg" server="C:/xampp/htdocs/" local="134055305584055488" remote="134055305580000000" Dst="0" /><file name="Samsung Galaxy S24 Ultra 5.jpg" server="Macintosh HD/Applications/XAMPP/xamppfiles/htdocs/bidvn/" local="3843901758" remote="3843901758" Dst="-1" /><file name="Samsung Galaxy S24 Ultra 4.jpg" server="Macintosh HD/Applications/XAMPP/xamppfiles/htdocs/bidvn/" local="3843901748" remote="3843901748" Dst="-1" /><file name="Samsung Galaxy S24 Ultra 1.jpg" server="Macintosh HD/Applications/XAMPP/xamppfiles/htdocs/bidvn/" local="3843900757" remote="3843900757" Dst="-1" /><file name="Samsung Galaxy S24 Ultra 3.jpg" server="Macintosh HD/Applications/XAMPP/xamppfiles/htdocs/bidvn/" local="3843901741" remote="3843901741" Dst="-1" /><file name="Samsung Galaxy S24 Ultra 2.jpg" server="Macintosh HD/Applications/XAMPP/xamppfiles/htdocs/bidvn/" local="3843901734" remote="3843901734" Dst="-1" /></dwsync>