<?xml version="1.0" encoding="utf-8" ?><dwsync><file name="Xiaomi 14 Pro 1.jpg" server="C:/xampp/htdocs/" local="134055298434235504" remote="134055298430000000" Dst="0" /><file name="Xiaomi 14 Pro 2.jpg" server="C:/xampp/htdocs/" local="134055305815595616" remote="134055305810000000" Dst="0" /><file name="Xiaomi 14 Pro 3.jpg" server="C:/xampp/htdocs/" local="134055305890602209" remote="134055305890000000" Dst="0" /><file name="Xiaomi 14 Pro 4.jpg" server="C:/xampp/htdocs/" local="134055305965307885" remote="134055305960000000" Dst="0" /><file name="Xiaomi 14 Pro 5.jpg" server="C:/xampp/htdocs/" local="134055306138957267" remote="134055306130000000" Dst="0" /><file name="Xiaomi 14 Pro 3.jpg" server="Macintosh HD/Applications/XAMPP/xamppfiles/htdocs/bidvn/" local="3843901789" remote="3843901789" Dst="-1" /><file name="Xiaomi 14 Pro 2.jpg" server="Macintosh HD/Applications/XAMPP/xamppfiles/htdocs/bidvn/" local="3843901781" remote="3843901781" Dst="-1" /><file name="Xiaomi 14 Pro 1.jpg" server="Macintosh HD/Applications/XAMPP/xamppfiles/htdocs/bidvn/" local="3843901043" remote="3843901043" Dst="-1" /><file name="Xiaomi 14 Pro 5.jpg" server="Macintosh HD/Applications/XAMPP/xamppfiles/htdocs/bidvn/" local="3843901813" remote="3843901813" Dst="-1" /><file name="Xiaomi 14 Pro 4.jpg" server="Macintosh HD/Applications/XAMPP/xamppfiles/htdocs/bidvn/" local="3843901796" remote="3843901796" Dst="-1" /></dwsync>