<?xml version="1.0" encoding="utf-8" ?><dwsync><file name="Fujifilm X-T5 1.jpg" server="C:/xampp/htdocs/" local="134055322294270527" remote="134055322290000000" Dst="0" /><file name="Fujifilm X-T5 2.jpg" server="C:/xampp/htdocs/" local="134055322369793043" remote="134055322360000000" Dst="0" /><file name="Fujifilm X-T5 3.jpg" server="C:/xampp/htdocs/" local="134055322440723081" remote="134055322440000000" Dst="0" /><file name="Fujifilm X-T5 4.jpg" server="C:/xampp/htdocs/" local="134055322491946844" remote="134055322490000000" Dst="0" /><file name="Fujifilm X-T5 5.jpg" server="C:/xampp/htdocs/" local="134055322544282274" remote="134055322540000000" Dst="0" /><file name="Fujifilm X-T5 6.jpg" server="C:/xampp/htdocs/" local="134055322619712705" remote="134055322610000000" Dst="0" /><file name="Fujifilm X-T5 6.jpg" server="Macintosh HD/Applications/XAMPP/xamppfiles/htdocs/bidvn/" local="3843903461" remote="3843903461" Dst="-1" /><file name="Fujifilm X-T5 5.jpg" server="Macintosh HD/Applications/XAMPP/xamppfiles/htdocs/bidvn/" local="3843903454" remote="3843903454" Dst="-1" /><file name="Fujifilm X-T5 4.jpg" server="Macintosh HD/Applications/XAMPP/xamppfiles/htdocs/bidvn/" local="3843903449" remote="3843903449" Dst="-1" /><file name="Fujifilm X-T5 1.jpg" server="Macintosh HD/Applications/XAMPP/xamppfiles/htdocs/bidvn/" local="3843903429" remote="3843903429" Dst="-1" /><file name="Fujifilm X-T5 3.jpg" server="Macintosh HD/Applications/XAMPP/xamppfiles/htdocs/bidvn/" local="3843903444" remote="3843903444" Dst="-1" /><file name="Fujifilm X-T5 2.jpg" server="Macintosh HD/Applications/XAMPP/xamppfiles/htdocs/bidvn/" local="3843903436" remote="3843903436" Dst="-1" /></dwsync>