<?xml version="1.0" encoding="utf-8" ?><dwsync><file name="Canon EOS R5 1.jpg" server="C:/xampp/htdocs/" local="134055321376474646" remote="134055321370000000" Dst="0" /><file name="Canon EOS R5 2.jpg" server="C:/xampp/htdocs/" local="134055321423758803" remote="134055321420000000" Dst="0" /><file name="Canon EOS R5 3.jpg" server="C:/xampp/htdocs/" local="134055321470251070" remote="134055321470000000" Dst="0" /><file name="Canon EOS R5 4.jpg" server="C:/xampp/htdocs/" local="134055321515514172" remote="134055321510000000" Dst="0" /><file name="Canon EOS R5 5.jpg" server="C:/xampp/htdocs/" local="134055321574302004" remote="134055321570000000" Dst="0" /><file name="Canon EOS R5 6.jpg" server="C:/xampp/htdocs/" local="134055321627509108" remote="134055321620000000" Dst="0" /><file name="Canon EOS R5 7.jpg" server="C:/xampp/htdocs/" local="134055321686502504" remote="134055321680000000" Dst="0" /><file name="Canon EOS R5 2.jpg" server="Macintosh HD/Applications/XAMPP/xamppfiles/htdocs/bidvn/" local="3843903342" remote="3843903342" Dst="-1" /><file name="Canon EOS R5 3.jpg" server="Macintosh HD/Applications/XAMPP/xamppfiles/htdocs/bidvn/" local="3843903347" remote="3843903347" Dst="-1" /><file name="Canon EOS R5 1.jpg" server="Macintosh HD/Applications/XAMPP/xamppfiles/htdocs/bidvn/" local="3843903337" remote="3843903337" Dst="-1" /><file name="Canon EOS R5 4.jpg" server="Macintosh HD/Applications/XAMPP/xamppfiles/htdocs/bidvn/" local="3843903351" remote="3843903351" Dst="-1" /><file name="Canon EOS R5 5.jpg" server="Macintosh HD/Applications/XAMPP/xamppfiles/htdocs/bidvn/" local="3843903357" remote="3843903357" Dst="-1" /><file name="Canon EOS R5 7.jpg" server="Macintosh HD/Applications/XAMPP/xamppfiles/htdocs/bidvn/" local="3843903368" remote="3843903368" Dst="-1" /><file name="Canon EOS R5 6.jpg" server="Macintosh HD/Applications/XAMPP/xamppfiles/htdocs/bidvn/" local="3843903362" remote="3843903362" Dst="-1" /></dwsync>