<?xml version="1.0" encoding="utf-8" ?><dwsync><file name="iPhone 15 Pro Max 256GB 1.jpg" server="C:/xampp/htdocs/" local="134055290717144200" remote="134055290710000000" Dst="0" /><file name="iPhone 15 Pro Max 256GB 2.jpg" server="C:/xampp/htdocs/" local="134055304979293252" remote="134055304970000000" Dst="0" /><file name="iPhone 15 Pro Max 256GB 3.jpg" server="C:/xampp/htdocs/" local="134055305062172148" remote="134055305060000000" Dst="0" /><file name="iPhone 15 Pro Max 256GB 4.jpg" server="C:/xampp/htdocs/" local="134055305143101926" remote="134055305140000000" Dst="0" /><file name="iPhone 15 Pro Max 256GB 4.jpg" server="Macintosh HD/Applications/XAMPP/xamppfiles/htdocs/bidvn/" local="3843901714" remote="3843901714" Dst="-1" /><file name="iPhone 15 Pro Max 256GB 3.jpg" server="Macintosh HD/Applications/XAMPP/xamppfiles/htdocs/bidvn/" local="3843901706" remote="3843901706" Dst="-1" /><file name="iPhone 15 Pro Max 256GB 2.jpg" server="Macintosh HD/Applications/XAMPP/xamppfiles/htdocs/bidvn/" local="3843901697" remote="3843901697" Dst="-1" /><file name="iPhone 15 Pro Max 256GB 1.jpg" server="Macintosh HD/Applications/XAMPP/xamppfiles/htdocs/bidvn/" local="3843900271" remote="3843900271" Dst="-1" /></dwsync>