<?xml version="1.0" encoding="utf-8" ?><dwsync><file name="Rolex Submariner Date 1.jpg" server="C:/xampp/htdocs/" local="134055313304072780" remote="134055313300000000" Dst="0" /><file name="Rolex Submariner Date 2.jpg" server="C:/xampp/htdocs/" local="134055313757243724" remote="134055313750000000" Dst="0" /><file name="Rolex Submariner Date 3.jpg" server="C:/xampp/htdocs/" local="134055313908963758" remote="134055313900000000" Dst="0" /><file name="Rolex Submariner Date 4.jpg" server="C:/xampp/htdocs/" local="134055314053349222" remote="134055314050000000" Dst="0" /><file name="Rolex Submariner Date 5.jpg" server="C:/xampp/htdocs/" local="134055314167814042" remote="134055314160000000" Dst="0" /><file name="Rolex Submariner Date 5.jpg" server="Macintosh HD/Applications/XAMPP/xamppfiles/htdocs/bidvn/" local="3843902616" remote="3843902616" Dst="-1" /><file name="Rolex Submariner Date 4.jpg" server="Macintosh HD/Applications/XAMPP/xamppfiles/htdocs/bidvn/" local="3843902605" remote="3843902605" Dst="-1" /><file name="Rolex Submariner Date 1.jpg" server="Macintosh HD/Applications/XAMPP/xamppfiles/htdocs/bidvn/" local="3843902530" remote="3843902530" Dst="-1" /><file name="Rolex Submariner Date 3.jpg" server="Macintosh HD/Applications/XAMPP/xamppfiles/htdocs/bidvn/" local="3843902590" remote="3843902590" Dst="-1" /><file name="Rolex Submariner Date 2.jpg" server="Macintosh HD/Applications/XAMPP/xamppfiles/htdocs/bidvn/" local="3843902575" remote="3843902575" Dst="-1" /></dwsync>